--
-- PostgreSQL database dump
--

\restrict XI6qOIMbDJhPOZgYnYAVEaolo9KQ1hX1goqUu6eM9hmG9ql6nPjgwl1XFWs5K2i

-- Dumped from database version 16.11 (Ubuntu 16.11-0ubuntu0.24.04.1)
-- Dumped by pg_dump version 16.11 (Ubuntu 16.11-0ubuntu0.24.04.1)

SET statement_timeout = 0;
SET lock_timeout = 0;
SET idle_in_transaction_session_timeout = 0;
SET client_encoding = 'UTF8';
SET standard_conforming_strings = on;
SELECT pg_catalog.set_config('search_path', '', false);
SET check_function_bodies = false;
SET xmloption = content;
SET client_min_messages = warning;
SET row_security = off;

SET default_tablespace = '';

SET default_table_access_method = heap;

--
-- Name: academics_attendance; Type: TABLE; Schema: public; Owner: postgres
--

CREATE TABLE public.academics_attendance (
    id bigint NOT NULL,
    date date NOT NULL,
    status character varying(10) NOT NULL,
    course_id bigint NOT NULL,
    student_id bigint NOT NULL,
    marked_by_id bigint
);


ALTER TABLE public.academics_attendance OWNER TO postgres;

--
-- Name: academics_attendance_id_seq; Type: SEQUENCE; Schema: public; Owner: postgres
--

ALTER TABLE public.academics_attendance ALTER COLUMN id ADD GENERATED BY DEFAULT AS IDENTITY (
    SEQUENCE NAME public.academics_attendance_id_seq
    START WITH 1
    INCREMENT BY 1
    NO MINVALUE
    NO MAXVALUE
    CACHE 1
);


--
-- Name: academics_batch; Type: TABLE; Schema: public; Owner: postgres
--

CREATE TABLE public.academics_batch (
    id bigint NOT NULL,
    name character varying(100) NOT NULL,
    program character varying(100) NOT NULL,
    academic_year character varying(9) NOT NULL,
    section character varying(10) NOT NULL,
    created_at timestamp with time zone NOT NULL
);


ALTER TABLE public.academics_batch OWNER TO postgres;

--
-- Name: academics_batch_id_seq; Type: SEQUENCE; Schema: public; Owner: postgres
--

ALTER TABLE public.academics_batch ALTER COLUMN id ADD GENERATED BY DEFAULT AS IDENTITY (
    SEQUENCE NAME public.academics_batch_id_seq
    START WITH 1
    INCREMENT BY 1
    NO MINVALUE
    NO MAXVALUE
    CACHE 1
);


--
-- Name: academics_course; Type: TABLE; Schema: public; Owner: postgres
--

CREATE TABLE public.academics_course (
    id bigint NOT NULL,
    code character varying(10) NOT NULL,
    name character varying(100) NOT NULL,
    faculty_id bigint,
    department_id bigint
);


ALTER TABLE public.academics_course OWNER TO postgres;

--
-- Name: academics_course_id_seq; Type: SEQUENCE; Schema: public; Owner: postgres
--

ALTER TABLE public.academics_course ALTER COLUMN id ADD GENERATED BY DEFAULT AS IDENTITY (
    SEQUENCE NAME public.academics_course_id_seq
    START WITH 1
    INCREMENT BY 1
    NO MINVALUE
    NO MAXVALUE
    CACHE 1
);


--
-- Name: academics_department; Type: TABLE; Schema: public; Owner: postgres
--

CREATE TABLE public.academics_department (
    id bigint NOT NULL,
    name character varying(100) NOT NULL,
    code character varying(20) NOT NULL
);


ALTER TABLE public.academics_department OWNER TO postgres;

--
-- Name: academics_department_id_seq; Type: SEQUENCE; Schema: public; Owner: postgres
--

ALTER TABLE public.academics_department ALTER COLUMN id ADD GENERATED BY DEFAULT AS IDENTITY (
    SEQUENCE NAME public.academics_department_id_seq
    START WITH 1
    INCREMENT BY 1
    NO MINVALUE
    NO MAXVALUE
    CACHE 1
);


--
-- Name: academics_enrollment; Type: TABLE; Schema: public; Owner: postgres
--

CREATE TABLE public.academics_enrollment (
    id bigint NOT NULL,
    enrolled_on timestamp with time zone NOT NULL,
    course_id bigint NOT NULL,
    student_id bigint NOT NULL
);


ALTER TABLE public.academics_enrollment OWNER TO postgres;

--
-- Name: academics_enrollment_id_seq; Type: SEQUENCE; Schema: public; Owner: postgres
--

ALTER TABLE public.academics_enrollment ALTER COLUMN id ADD GENERATED BY DEFAULT AS IDENTITY (
    SEQUENCE NAME public.academics_enrollment_id_seq
    START WITH 1
    INCREMENT BY 1
    NO MINVALUE
    NO MAXVALUE
    CACHE 1
);


--
-- Name: academics_exam; Type: TABLE; Schema: public; Owner: postgres
--

CREATE TABLE public.academics_exam (
    id bigint NOT NULL,
    title character varying(100) NOT NULL,
    date date NOT NULL,
    total_marks integer NOT NULL,
    course_id bigint NOT NULL,
    CONSTRAINT academics_exam_total_marks_check CHECK ((total_marks >= 0))
);


ALTER TABLE public.academics_exam OWNER TO postgres;

--
-- Name: academics_exam_id_seq; Type: SEQUENCE; Schema: public; Owner: postgres
--

ALTER TABLE public.academics_exam ALTER COLUMN id ADD GENERATED BY DEFAULT AS IDENTITY (
    SEQUENCE NAME public.academics_exam_id_seq
    START WITH 1
    INCREMENT BY 1
    NO MINVALUE
    NO MAXVALUE
    CACHE 1
);


--
-- Name: academics_exam_result; Type: TABLE; Schema: public; Owner: postgres
--

CREATE TABLE public.academics_exam_result (
    id bigint NOT NULL,
    marks_obtained double precision NOT NULL,
    exam_id bigint NOT NULL,
    student_id bigint NOT NULL
);


ALTER TABLE public.academics_exam_result OWNER TO postgres;

--
-- Name: academics_exam_result_id_seq; Type: SEQUENCE; Schema: public; Owner: postgres
--

ALTER TABLE public.academics_exam_result ALTER COLUMN id ADD GENERATED BY DEFAULT AS IDENTITY (
    SEQUENCE NAME public.academics_exam_result_id_seq
    START WITH 1
    INCREMENT BY 1
    NO MINVALUE
    NO MAXVALUE
    CACHE 1
);


--
-- Name: academics_facultyprofile; Type: TABLE; Schema: public; Owner: postgres
--

CREATE TABLE public.academics_facultyprofile (
    id bigint NOT NULL,
    department character varying(100) NOT NULL,
    designation character varying(100) NOT NULL,
    user_id bigint NOT NULL
);


ALTER TABLE public.academics_facultyprofile OWNER TO postgres;

--
-- Name: academics_facultyprofile_id_seq; Type: SEQUENCE; Schema: public; Owner: postgres
--

ALTER TABLE public.academics_facultyprofile ALTER COLUMN id ADD GENERATED BY DEFAULT AS IDENTITY (
    SEQUENCE NAME public.academics_facultyprofile_id_seq
    START WITH 1
    INCREMENT BY 1
    NO MINVALUE
    NO MAXVALUE
    CACHE 1
);


--
-- Name: academics_grade; Type: TABLE; Schema: public; Owner: postgres
--

CREATE TABLE public.academics_grade (
    id bigint NOT NULL,
    marks_obtained integer NOT NULL,
    exam_id bigint NOT NULL,
    student_id bigint NOT NULL,
    CONSTRAINT academics_grade_marks_obtained_check CHECK ((marks_obtained >= 0))
);


ALTER TABLE public.academics_grade OWNER TO postgres;

--
-- Name: academics_grade_id_seq; Type: SEQUENCE; Schema: public; Owner: postgres
--

ALTER TABLE public.academics_grade ALTER COLUMN id ADD GENERATED BY DEFAULT AS IDENTITY (
    SEQUENCE NAME public.academics_grade_id_seq
    START WITH 1
    INCREMENT BY 1
    NO MINVALUE
    NO MAXVALUE
    CACHE 1
);


--
-- Name: academics_quiz; Type: TABLE; Schema: public; Owner: postgres
--

CREATE TABLE public.academics_quiz (
    id bigint NOT NULL,
    title character varying(100) NOT NULL,
    description text NOT NULL,
    total_questions integer NOT NULL,
    created_at timestamp with time zone NOT NULL,
    course_id bigint NOT NULL,
    CONSTRAINT academics_quiz_total_questions_check CHECK ((total_questions >= 0))
);


ALTER TABLE public.academics_quiz OWNER TO postgres;

--
-- Name: academics_quiz_answer; Type: TABLE; Schema: public; Owner: postgres
--

CREATE TABLE public.academics_quiz_answer (
    id bigint NOT NULL,
    selected_option character varying(1) NOT NULL,
    attempt_id bigint NOT NULL,
    question_id bigint NOT NULL,
    is_correct boolean NOT NULL
);


ALTER TABLE public.academics_quiz_answer OWNER TO postgres;

--
-- Name: academics_quiz_answer_id_seq; Type: SEQUENCE; Schema: public; Owner: postgres
--

ALTER TABLE public.academics_quiz_answer ALTER COLUMN id ADD GENERATED BY DEFAULT AS IDENTITY (
    SEQUENCE NAME public.academics_quiz_answer_id_seq
    START WITH 1
    INCREMENT BY 1
    NO MINVALUE
    NO MAXVALUE
    CACHE 1
);


--
-- Name: academics_quiz_attempt; Type: TABLE; Schema: public; Owner: postgres
--

CREATE TABLE public.academics_quiz_attempt (
    id bigint NOT NULL,
    score integer NOT NULL,
    total_questions integer NOT NULL,
    attempted_at timestamp with time zone NOT NULL,
    quiz_id bigint NOT NULL,
    student_id bigint NOT NULL,
    CONSTRAINT academics_quiz_attempt_score_check CHECK ((score >= 0)),
    CONSTRAINT academics_quiz_attempt_total_questions_check CHECK ((total_questions >= 0))
);


ALTER TABLE public.academics_quiz_attempt OWNER TO postgres;

--
-- Name: academics_quiz_attempt_id_seq; Type: SEQUENCE; Schema: public; Owner: postgres
--

ALTER TABLE public.academics_quiz_attempt ALTER COLUMN id ADD GENERATED BY DEFAULT AS IDENTITY (
    SEQUENCE NAME public.academics_quiz_attempt_id_seq
    START WITH 1
    INCREMENT BY 1
    NO MINVALUE
    NO MAXVALUE
    CACHE 1
);


--
-- Name: academics_quiz_id_seq; Type: SEQUENCE; Schema: public; Owner: postgres
--

ALTER TABLE public.academics_quiz ALTER COLUMN id ADD GENERATED BY DEFAULT AS IDENTITY (
    SEQUENCE NAME public.academics_quiz_id_seq
    START WITH 1
    INCREMENT BY 1
    NO MINVALUE
    NO MAXVALUE
    CACHE 1
);


--
-- Name: academics_quiz_question; Type: TABLE; Schema: public; Owner: postgres
--

CREATE TABLE public.academics_quiz_question (
    id bigint NOT NULL,
    question_text text NOT NULL,
    option_a character varying(255) NOT NULL,
    option_b character varying(255) NOT NULL,
    option_c character varying(255) NOT NULL,
    option_d character varying(255) NOT NULL,
    correct_option character varying(1) NOT NULL,
    quiz_id bigint NOT NULL
);


ALTER TABLE public.academics_quiz_question OWNER TO postgres;

--
-- Name: academics_quiz_question_id_seq; Type: SEQUENCE; Schema: public; Owner: postgres
--

ALTER TABLE public.academics_quiz_question ALTER COLUMN id ADD GENERATED BY DEFAULT AS IDENTITY (
    SEQUENCE NAME public.academics_quiz_question_id_seq
    START WITH 1
    INCREMENT BY 1
    NO MINVALUE
    NO MAXVALUE
    CACHE 1
);


--
-- Name: academics_studentprofile; Type: TABLE; Schema: public; Owner: postgres
--

CREATE TABLE public.academics_studentprofile (
    id bigint NOT NULL,
    roll_number character varying(20) NOT NULL,
    date_of_birth date,
    user_id bigint NOT NULL,
    phone character varying(15),
    gender character varying(10),
    admission_year integer,
    address text,
    batch_id bigint
);


ALTER TABLE public.academics_studentprofile OWNER TO postgres;

--
-- Name: academics_studentprofile_id_seq; Type: SEQUENCE; Schema: public; Owner: postgres
--

ALTER TABLE public.academics_studentprofile ALTER COLUMN id ADD GENERATED BY DEFAULT AS IDENTITY (
    SEQUENCE NAME public.academics_studentprofile_id_seq
    START WITH 1
    INCREMENT BY 1
    NO MINVALUE
    NO MAXVALUE
    CACHE 1
);


--
-- Name: academics_timetable; Type: TABLE; Schema: public; Owner: postgres
--

CREATE TABLE public.academics_timetable (
    id bigint NOT NULL,
    day character varying(10) NOT NULL,
    start_time time without time zone NOT NULL,
    end_time time without time zone NOT NULL,
    batch_id bigint NOT NULL,
    course_id bigint NOT NULL,
    faculty_id bigint NOT NULL
);


ALTER TABLE public.academics_timetable OWNER TO postgres;

--
-- Name: academics_timetable_id_seq; Type: SEQUENCE; Schema: public; Owner: postgres
--

ALTER TABLE public.academics_timetable ALTER COLUMN id ADD GENERATED BY DEFAULT AS IDENTITY (
    SEQUENCE NAME public.academics_timetable_id_seq
    START WITH 1
    INCREMENT BY 1
    NO MINVALUE
    NO MAXVALUE
    CACHE 1
);


--
-- Name: accounts_facultyprofile; Type: TABLE; Schema: public; Owner: postgres
--

CREATE TABLE public.accounts_facultyprofile (
    id bigint NOT NULL,
    department character varying(100) NOT NULL,
    designation character varying(100) NOT NULL,
    user_id bigint NOT NULL
);


ALTER TABLE public.accounts_facultyprofile OWNER TO postgres;

--
-- Name: accounts_facultyprofile_id_seq; Type: SEQUENCE; Schema: public; Owner: postgres
--

ALTER TABLE public.accounts_facultyprofile ALTER COLUMN id ADD GENERATED BY DEFAULT AS IDENTITY (
    SEQUENCE NAME public.accounts_facultyprofile_id_seq
    START WITH 1
    INCREMENT BY 1
    NO MINVALUE
    NO MAXVALUE
    CACHE 1
);


--
-- Name: accounts_studentprofile; Type: TABLE; Schema: public; Owner: postgres
--

CREATE TABLE public.accounts_studentprofile (
    id bigint NOT NULL,
    roll_number character varying(20) NOT NULL,
    user_id bigint NOT NULL
);


ALTER TABLE public.accounts_studentprofile OWNER TO postgres;

--
-- Name: accounts_studentprofile_id_seq; Type: SEQUENCE; Schema: public; Owner: postgres
--

ALTER TABLE public.accounts_studentprofile ALTER COLUMN id ADD GENERATED BY DEFAULT AS IDENTITY (
    SEQUENCE NAME public.accounts_studentprofile_id_seq
    START WITH 1
    INCREMENT BY 1
    NO MINVALUE
    NO MAXVALUE
    CACHE 1
);


--
-- Name: accounts_user; Type: TABLE; Schema: public; Owner: postgres
--

CREATE TABLE public.accounts_user (
    id bigint NOT NULL,
    password character varying(128) NOT NULL,
    last_login timestamp with time zone,
    is_superuser boolean NOT NULL,
    username character varying(150) NOT NULL,
    first_name character varying(150) NOT NULL,
    last_name character varying(150) NOT NULL,
    email character varying(254) NOT NULL,
    is_staff boolean NOT NULL,
    is_active boolean NOT NULL,
    date_joined timestamp with time zone NOT NULL,
    role character varying(20) NOT NULL,
    profile_image character varying(100),
    otp character varying(6),
    otp_expiry timestamp with time zone,
    is_email_verified boolean NOT NULL,
    reset_token character varying(100),
    reset_token_expiry timestamp with time zone,
    is_approved boolean NOT NULL
);


ALTER TABLE public.accounts_user OWNER TO postgres;

--
-- Name: accounts_user_groups; Type: TABLE; Schema: public; Owner: postgres
--

CREATE TABLE public.accounts_user_groups (
    id bigint NOT NULL,
    user_id bigint NOT NULL,
    group_id integer NOT NULL
);


ALTER TABLE public.accounts_user_groups OWNER TO postgres;

--
-- Name: accounts_user_groups_id_seq; Type: SEQUENCE; Schema: public; Owner: postgres
--

ALTER TABLE public.accounts_user_groups ALTER COLUMN id ADD GENERATED BY DEFAULT AS IDENTITY (
    SEQUENCE NAME public.accounts_user_groups_id_seq
    START WITH 1
    INCREMENT BY 1
    NO MINVALUE
    NO MAXVALUE
    CACHE 1
);


--
-- Name: accounts_user_id_seq; Type: SEQUENCE; Schema: public; Owner: postgres
--

ALTER TABLE public.accounts_user ALTER COLUMN id ADD GENERATED BY DEFAULT AS IDENTITY (
    SEQUENCE NAME public.accounts_user_id_seq
    START WITH 1
    INCREMENT BY 1
    NO MINVALUE
    NO MAXVALUE
    CACHE 1
);


--
-- Name: accounts_user_user_permissions; Type: TABLE; Schema: public; Owner: postgres
--

CREATE TABLE public.accounts_user_user_permissions (
    id bigint NOT NULL,
    user_id bigint NOT NULL,
    permission_id integer NOT NULL
);


ALTER TABLE public.accounts_user_user_permissions OWNER TO postgres;

--
-- Name: accounts_user_user_permissions_id_seq; Type: SEQUENCE; Schema: public; Owner: postgres
--

ALTER TABLE public.accounts_user_user_permissions ALTER COLUMN id ADD GENERATED BY DEFAULT AS IDENTITY (
    SEQUENCE NAME public.accounts_user_user_permissions_id_seq
    START WITH 1
    INCREMENT BY 1
    NO MINVALUE
    NO MAXVALUE
    CACHE 1
);


--
-- Name: auth_group; Type: TABLE; Schema: public; Owner: postgres
--

CREATE TABLE public.auth_group (
    id integer NOT NULL,
    name character varying(150) NOT NULL
);


ALTER TABLE public.auth_group OWNER TO postgres;

--
-- Name: auth_group_id_seq; Type: SEQUENCE; Schema: public; Owner: postgres
--

ALTER TABLE public.auth_group ALTER COLUMN id ADD GENERATED BY DEFAULT AS IDENTITY (
    SEQUENCE NAME public.auth_group_id_seq
    START WITH 1
    INCREMENT BY 1
    NO MINVALUE
    NO MAXVALUE
    CACHE 1
);


--
-- Name: auth_group_permissions; Type: TABLE; Schema: public; Owner: postgres
--

CREATE TABLE public.auth_group_permissions (
    id bigint NOT NULL,
    group_id integer NOT NULL,
    permission_id integer NOT NULL
);


ALTER TABLE public.auth_group_permissions OWNER TO postgres;

--
-- Name: auth_group_permissions_id_seq; Type: SEQUENCE; Schema: public; Owner: postgres
--

ALTER TABLE public.auth_group_permissions ALTER COLUMN id ADD GENERATED BY DEFAULT AS IDENTITY (
    SEQUENCE NAME public.auth_group_permissions_id_seq
    START WITH 1
    INCREMENT BY 1
    NO MINVALUE
    NO MAXVALUE
    CACHE 1
);


--
-- Name: auth_permission; Type: TABLE; Schema: public; Owner: postgres
--

CREATE TABLE public.auth_permission (
    id integer NOT NULL,
    name character varying(255) NOT NULL,
    content_type_id integer NOT NULL,
    codename character varying(100) NOT NULL
);


ALTER TABLE public.auth_permission OWNER TO postgres;

--
-- Name: auth_permission_id_seq; Type: SEQUENCE; Schema: public; Owner: postgres
--

ALTER TABLE public.auth_permission ALTER COLUMN id ADD GENERATED BY DEFAULT AS IDENTITY (
    SEQUENCE NAME public.auth_permission_id_seq
    START WITH 1
    INCREMENT BY 1
    NO MINVALUE
    NO MAXVALUE
    CACHE 1
);


--
-- Name: django_admin_log; Type: TABLE; Schema: public; Owner: postgres
--

CREATE TABLE public.django_admin_log (
    id integer NOT NULL,
    action_time timestamp with time zone NOT NULL,
    object_id text,
    object_repr character varying(200) NOT NULL,
    action_flag smallint NOT NULL,
    change_message text NOT NULL,
    content_type_id integer,
    user_id bigint NOT NULL,
    CONSTRAINT django_admin_log_action_flag_check CHECK ((action_flag >= 0))
);


ALTER TABLE public.django_admin_log OWNER TO postgres;

--
-- Name: django_admin_log_id_seq; Type: SEQUENCE; Schema: public; Owner: postgres
--

ALTER TABLE public.django_admin_log ALTER COLUMN id ADD GENERATED BY DEFAULT AS IDENTITY (
    SEQUENCE NAME public.django_admin_log_id_seq
    START WITH 1
    INCREMENT BY 1
    NO MINVALUE
    NO MAXVALUE
    CACHE 1
);


--
-- Name: django_content_type; Type: TABLE; Schema: public; Owner: postgres
--

CREATE TABLE public.django_content_type (
    id integer NOT NULL,
    app_label character varying(100) NOT NULL,
    model character varying(100) NOT NULL
);


ALTER TABLE public.django_content_type OWNER TO postgres;

--
-- Name: django_content_type_id_seq; Type: SEQUENCE; Schema: public; Owner: postgres
--

ALTER TABLE public.django_content_type ALTER COLUMN id ADD GENERATED BY DEFAULT AS IDENTITY (
    SEQUENCE NAME public.django_content_type_id_seq
    START WITH 1
    INCREMENT BY 1
    NO MINVALUE
    NO MAXVALUE
    CACHE 1
);


--
-- Name: django_migrations; Type: TABLE; Schema: public; Owner: postgres
--

CREATE TABLE public.django_migrations (
    id bigint NOT NULL,
    app character varying(255) NOT NULL,
    name character varying(255) NOT NULL,
    applied timestamp with time zone NOT NULL
);


ALTER TABLE public.django_migrations OWNER TO postgres;

--
-- Name: django_migrations_id_seq; Type: SEQUENCE; Schema: public; Owner: postgres
--

ALTER TABLE public.django_migrations ALTER COLUMN id ADD GENERATED BY DEFAULT AS IDENTITY (
    SEQUENCE NAME public.django_migrations_id_seq
    START WITH 1
    INCREMENT BY 1
    NO MINVALUE
    NO MAXVALUE
    CACHE 1
);


--
-- Name: django_session; Type: TABLE; Schema: public; Owner: postgres
--

CREATE TABLE public.django_session (
    session_key character varying(40) NOT NULL,
    session_data text NOT NULL,
    expire_date timestamp with time zone NOT NULL
);


ALTER TABLE public.django_session OWNER TO postgres;

--
-- Data for Name: academics_attendance; Type: TABLE DATA; Schema: public; Owner: postgres
--

COPY public.academics_attendance (id, date, status, course_id, student_id, marked_by_id) FROM stdin;
1	2026-01-29	present	2	3	\N
2	2026-01-30	present	2	3	\N
7	2026-01-28	present	2	3	\N
8	2026-01-27	present	2	3	\N
9	2026-01-23	present	2	3	\N
10	2026-02-05	absent	2	3	\N
\.


--
-- Data for Name: academics_batch; Type: TABLE DATA; Schema: public; Owner: postgres
--

COPY public.academics_batch (id, name, program, academic_year, section, created_at) FROM stdin;
1	A	Bsc Cs	2024-2027	A	2026-02-07 10:35:47.3875+05:30
\.


--
-- Data for Name: academics_course; Type: TABLE DATA; Schema: public; Owner: postgres
--

COPY public.academics_course (id, code, name, faculty_id, department_id) FROM stdin;
1	CS201	Data Structures	1	1
2	ENG104	Literature	2	2
4	MAN130	Economics	\N	3
3	CS202	Big data analytics	3	1
5	MAN125	Statistics	\N	3
6	ENG106	Grammar	2	2
\.


--
-- Data for Name: academics_department; Type: TABLE DATA; Schema: public; Owner: postgres
--

COPY public.academics_department (id, name, code) FROM stdin;
2	English	D103
3	Management	M105
1	Computer Science	D1225
\.


--
-- Data for Name: academics_enrollment; Type: TABLE DATA; Schema: public; Owner: postgres
--

COPY public.academics_enrollment (id, enrolled_on, course_id, student_id) FROM stdin;
2	2026-01-29 11:47:39.245652+05:30	2	3
8	2026-02-10 16:00:14.58658+05:30	1	4
9	2026-02-10 16:40:35.9499+05:30	2	18
10	2026-02-10 16:40:54.165868+05:30	1	18
11	2026-02-11 15:26:07.3353+05:30	3	23
12	2026-02-11 17:52:48.498849+05:30	3	3
13	2026-02-12 13:31:04.757163+05:30	6	3
14	2026-02-12 13:31:04.762818+05:30	6	4
15	2026-02-12 13:31:04.767097+05:30	6	18
16	2026-02-12 13:31:04.771221+05:30	6	23
\.


--
-- Data for Name: academics_exam; Type: TABLE DATA; Schema: public; Owner: postgres
--

COPY public.academics_exam (id, title, date, total_marks, course_id) FROM stdin;
1	Merchant of Venice	2026-01-28	20	2
2	Grammar	2026-02-03	100	2
\.


--
-- Data for Name: academics_exam_result; Type: TABLE DATA; Schema: public; Owner: postgres
--

COPY public.academics_exam_result (id, marks_obtained, exam_id, student_id) FROM stdin;
\.


--
-- Data for Name: academics_facultyprofile; Type: TABLE DATA; Schema: public; Owner: postgres
--

COPY public.academics_facultyprofile (id, department, designation, user_id) FROM stdin;
2	English	Assistant professor	12
3	Computer Science (D1225)	Assistant professor	29
1	Computer Science	Assistant professor	6
4	Economics	HOD	31
5	Cyber Security	Assistant Professor	32
6	Microbiology	Assistant professor	33
\.


--
-- Data for Name: academics_grade; Type: TABLE DATA; Schema: public; Owner: postgres
--

COPY public.academics_grade (id, marks_obtained, exam_id, student_id) FROM stdin;
1	16	1	3
2	89	2	3
\.


--
-- Data for Name: academics_quiz; Type: TABLE DATA; Schema: public; Owner: postgres
--

COPY public.academics_quiz (id, title, description, total_questions, created_at, course_id) FROM stdin;
1	Authors and books	a quiz on books and authors 	10	2026-02-09 10:22:34.020402+05:30	2
2	Grammar 	Quiz is on prepostions	2	2026-02-09 17:49:04.714262+05:30	2
3	Grammar 2	grammar quiz	2	2026-02-09 18:05:54.40602+05:30	2
\.


--
-- Data for Name: academics_quiz_answer; Type: TABLE DATA; Schema: public; Owner: postgres
--

COPY public.academics_quiz_answer (id, selected_option, attempt_id, question_id, is_correct) FROM stdin;
2	A	16	1	f
3	C	16	2	f
4	A	17	1	f
5	C	17	2	f
6	A	18	1	f
7	C	18	2	f
8	A	19	1	f
9	D	19	2	f
10	A	20	1	f
11	D	20	2	f
12	D	21	3	f
13	A	21	4	f
14	A	22	5	f
15	A	23	5	f
16	A	24	3	f
17	B	24	4	f
18	C	25	1	f
19	C	25	2	f
\.


--
-- Data for Name: academics_quiz_attempt; Type: TABLE DATA; Schema: public; Owner: postgres
--

COPY public.academics_quiz_attempt (id, score, total_questions, attempted_at, quiz_id, student_id) FROM stdin;
1	0	1	2026-02-09 11:15:48.050775+05:30	1	3
2	0	1	2026-02-09 11:18:00.471316+05:30	1	3
3	0	1	2026-02-09 11:18:03.259756+05:30	1	3
4	0	1	2026-02-09 11:26:59.265925+05:30	1	3
5	0	1	2026-02-09 11:49:19.770102+05:30	1	3
6	0	1	2026-02-09 11:52:49.451681+05:30	1	3
7	0	1	2026-02-09 11:53:52.279163+05:30	1	3
8	0	1	2026-02-09 11:53:54.894687+05:30	1	3
10	0	1	2026-02-09 11:55:28.351695+05:30	1	3
11	0	1	2026-02-09 11:55:32.832921+05:30	1	3
12	0	1	2026-02-09 11:57:27.103607+05:30	1	3
13	0	1	2026-02-09 11:59:04.613773+05:30	1	3
14	0	1	2026-02-09 12:00:19.842857+05:30	1	3
16	0	2	2026-02-09 13:15:01.855255+05:30	1	3
17	1	2	2026-02-09 13:21:55.047929+05:30	1	3
18	1	2	2026-02-09 13:31:17.451226+05:30	1	3
19	2	2	2026-02-09 14:31:53.329559+05:30	1	3
20	2	2	2026-02-09 16:37:32.093396+05:30	1	3
21	2	2	2026-02-09 17:51:10.353551+05:30	2	3
22	1	1	2026-02-10 16:53:17.32541+05:30	3	3
23	1	1	2026-02-13 12:18:50.601524+05:30	3	3
24	0	2	2026-02-13 12:32:56.61312+05:30	2	3
25	0	2	2026-02-13 12:34:35.421331+05:30	1	3
\.


--
-- Data for Name: academics_quiz_question; Type: TABLE DATA; Schema: public; Owner: postgres
--

COPY public.academics_quiz_question (id, question_text, option_a, option_b, option_c, option_d, correct_option, quiz_id) FROM stdin;
1	Who is the author of Pride and Prejudice?	Jane Austen	Shakespeare	Emilia Bronte	Charles Dicken	A	1
2	Who wrote Dracula?	Roald Dahl	Anne Bronte	Bram Stoker	Mary Shelly	D	1
3	The calculator is ____ table.	at	in	upon	on	D	2
4	He was angry ____ me.	with	of	at	to	A	2
5	Your teacher is not satisfied ____ your marks	with 	from	at	in	A	3
\.


--
-- Data for Name: academics_studentprofile; Type: TABLE DATA; Schema: public; Owner: postgres
--

COPY public.academics_studentprofile (id, roll_number, date_of_birth, user_id, phone, gender, admission_year, address, batch_id) FROM stdin;
3	CS102	2002-05-14	13	9876543210	female	2024	Kolkata	1
4	CS117	2001-06-15	17	8569912547	male	2024	Gariahat	1
18	CS118	2003-11-06	11	9568874125	male	2024	Belghoria	1
23	CS404	2001-02-22	28	8554126974	female	2024	Dumdum	1
24	R30	2001-01-03	30	9856647825	male	2026	Sodepur	\N
25	R34	2000-11-02	34	8569941257	female	2026	Sodepur	\N
\.


--
-- Data for Name: academics_timetable; Type: TABLE DATA; Schema: public; Owner: postgres
--

COPY public.academics_timetable (id, day, start_time, end_time, batch_id, course_id, faculty_id) FROM stdin;
1	Mon	10:00:00	11:00:00	1	6	2
2	Mon	11:00:00	12:00:00	1	2	2
\.


--
-- Data for Name: accounts_facultyprofile; Type: TABLE DATA; Schema: public; Owner: postgres
--

COPY public.accounts_facultyprofile (id, department, designation, user_id) FROM stdin;
3	Computer Science	Professor	2
4	Mathematics	HOD	10
\.


--
-- Data for Name: accounts_studentprofile; Type: TABLE DATA; Schema: public; Owner: postgres
--

COPY public.accounts_studentprofile (id, roll_number, user_id) FROM stdin;
1	CS102	11
\.


--
-- Data for Name: accounts_user; Type: TABLE DATA; Schema: public; Owner: postgres
--

COPY public.accounts_user (id, password, last_login, is_superuser, username, first_name, last_name, email, is_staff, is_active, date_joined, role, profile_image, otp, otp_expiry, is_email_verified, reset_token, reset_token_expiry, is_approved) FROM stdin;
2	pbkdf2_sha256$1200000$7GjxOz6A9N1hSWGW6tsiIG$u6/5R2PTEPD/ktj/w0ertQhk0pj/9qsMFNLXLnmD9IM=	2026-01-27 11:04:13.329324+05:30	f	faculty1				f	t	2026-01-27 10:57:35.942872+05:30	faculty		\N	\N	f	\N	\N	f
25	pbkdf2_sha256$1200000$I42xgbh8cB9MFRfvQwlLHu$x763iwY3zXKemrOnp+zdA+ZuZ07kydx7+/tkz6zogxQ=	\N	f	Priya			priya@gmail.com	f	t	2026-02-11 15:22:40.533324+05:30	student		\N	\N	f	\N	\N	f
5	pbkdf2_sha256$1200000$FgDrKq3ztdL8XpQd5RMaBP$3HvdAzyLBawb9pDSMWy/0Zzr0YJxVd2M5fk5UzWle/s=	\N	f	Soumili@5126			soumilimj.webguru5126@gmail.com	f	t	2026-01-27 15:23:43.281586+05:30	faculty		\N	\N	t	3d13afa3-ea19-4da6-9e26-6702770d24e0	2026-01-27 16:41:14.206502+05:30	f
34	pbkdf2_sha256$1200000$rqwYV5iAar33xiPWIjGlIK$KeLesGFyJF+BehBTYT9PHGNzYwxLgSVbSIaKZUPS3v8=	2026-02-16 10:25:40.549535+05:30	f	Raikamal@26	Raikamal	Das	rai@yopmail.com	f	t	2026-02-13 16:43:36+05:30	student		\N	\N	t	\N	\N	t
28	pbkdf2_sha256$1200000$MijoTmAwqdk2h6iuFrXXpI$Oi8idT7MURCxaakSlAWIHdXjPVoYEjpmcqy8LOTCmcc=	2026-02-13 11:56:46.80604+05:30	f	Sayani			sayanihati@gmail.com	f	t	2026-02-11 15:25:43.149351+05:30	student		\N	\N	f	\N	\N	f
6	test123456	\N	f	Soumyajit			faculty2@gmail.com	f	t	2026-01-28 13:00:37+05:30	faculty		\N	\N	t	\N	\N	f
10	test123456	\N	f	faculty4				f	t	2026-01-28 17:39:39+05:30	faculty		\N	\N	t	\N	\N	f
13	pbkdf2_sha256$1200000$7YQoqq8CxUZQOBFguRaWRo$DdwRcyP2dXVweDbmKoF+DYA6zl/pPeADUaqH1yx+0MQ=	2026-02-16 12:05:04.809577+05:30	f	Saumya			soumilim@gmail.com	f	t	2026-01-29 10:51:33+05:30	student		\N	\N	t	\N	\N	t
1	pbkdf2_sha256$1200000$DyBCuLXBm3ithCAtLnyBVB$pUP/XtrX73UOw0bZkKjabjxmsBCrgv3fQueTj5O7yZs=	2026-02-18 10:32:48.592981+05:30	t	Mukherjee				t	t	2026-01-22 15:59:16+05:30	admin		\N	\N	t	\N	\N	t
29	pbkdf2_sha256$1200000$mvuJ2CocPW9upJgRXrvBQ7$2qDnUhEWr3yzTpPobD7tNyqsW4QdroYHVdwH0QkzeyI=	2026-02-11 16:01:13.176819+05:30	f	Pratik			pratil@gmail.com	f	t	2026-02-11 15:57:55.925895+05:30	faculty		\N	\N	f	\N	\N	f
12	pbkdf2_sha256$1200000$YiZcf8AMaRztI6FKgGcHSL$wfOfS11BSgEB7zyHbbPy3bIgRFfI5+qJjIXYAMGQaLo=	2026-02-13 12:24:14.942666+05:30	f	Soumili			soumili@yopmail.com	f	t	2026-01-29 10:11:19+05:30	faculty		\N	\N	t	\N	\N	f
17	pbkdf2_sha256$1200000$NBGX3KDa4vqunS60oqOqzh$6rKNXxVHSG2IO7j57r2HtXtjXXm6bp3XQlnBw0vgN40=	\N	f	Shreya			soumilimj.webguru5126@gmail.com	f	f	2026-01-29 15:07:09.643585+05:30	student		368091	2026-01-29 15:09:10.303312+05:30	f	\N	\N	f
11	test123456	\N	f	Sreeja				f	t	2026-01-28 17:42:41+05:30	student		\N	\N	t	\N	\N	f
30	pbkdf2_sha256$1200000$IJcOdMpGAcd13lqXHdctri$vMzDxZKTTJsTapqqU80apKF+WAQ3cirI7SmtyRug8ew=	\N	f	Aryaman@56			aryaman@yopmail.com	f	t	2026-02-13 13:36:31.185896+05:30	student		\N	\N	t	\N	\N	f
31	pbkdf2_sha256$1200000$axYX69irio25Hw9xyXFDPY$53/laCil0P8zOQ0Lqm0HTYY+6JH7n/um94yBDKHLHqw=	\N	f	Shinjinee34			shinjinee@yopmail.com	f	t	2026-02-13 14:44:21.343017+05:30	faculty		\N	\N	t	\N	\N	f
32	pbkdf2_sha256$1200000$mqWMAWtg1teP8qOzI5PXAB$UfEqio2jahD/z9wm1adxISYtrBNxaYLFwJyZnkA5U9c=	\N	f	Rishita@26			rishita@yopmail.com	f	t	2026-02-13 14:59:42.119054+05:30	faculty		\N	\N	t	\N	\N	f
33	pbkdf2_sha256$1200000$4C7b9THBSCLCPgBQRQ7Mw9$JaFtcJRzt28/8RdbRU6SA8WCw4WJFuaoCq3YkBXgf9I=	2026-02-16 10:18:49.025429+05:30	f	Debangshu@26	Debangshu	Chakraborty	deb@yopmail.com	f	t	2026-02-13 15:28:35+05:30	faculty		\N	\N	t	\N	\N	t
\.


--
-- Data for Name: accounts_user_groups; Type: TABLE DATA; Schema: public; Owner: postgres
--

COPY public.accounts_user_groups (id, user_id, group_id) FROM stdin;
\.


--
-- Data for Name: accounts_user_user_permissions; Type: TABLE DATA; Schema: public; Owner: postgres
--

COPY public.accounts_user_user_permissions (id, user_id, permission_id) FROM stdin;
\.


--
-- Data for Name: auth_group; Type: TABLE DATA; Schema: public; Owner: postgres
--

COPY public.auth_group (id, name) FROM stdin;
\.


--
-- Data for Name: auth_group_permissions; Type: TABLE DATA; Schema: public; Owner: postgres
--

COPY public.auth_group_permissions (id, group_id, permission_id) FROM stdin;
\.


--
-- Data for Name: auth_permission; Type: TABLE DATA; Schema: public; Owner: postgres
--

COPY public.auth_permission (id, name, content_type_id, codename) FROM stdin;
1	Can add log entry	1	add_logentry
2	Can change log entry	1	change_logentry
3	Can delete log entry	1	delete_logentry
4	Can view log entry	1	view_logentry
5	Can add permission	3	add_permission
6	Can change permission	3	change_permission
7	Can delete permission	3	delete_permission
8	Can view permission	3	view_permission
9	Can add group	2	add_group
10	Can change group	2	change_group
11	Can delete group	2	delete_group
12	Can view group	2	view_group
13	Can add content type	4	add_contenttype
14	Can change content type	4	change_contenttype
15	Can delete content type	4	delete_contenttype
16	Can view content type	4	view_contenttype
17	Can add session	5	add_session
18	Can change session	5	change_session
19	Can delete session	5	delete_session
20	Can view session	5	view_session
21	Can add user	6	add_user
22	Can change user	6	change_user
23	Can delete user	6	delete_user
24	Can view user	6	view_user
25	Can add course	7	add_course
26	Can change course	7	change_course
27	Can delete course	7	delete_course
28	Can view course	7	view_course
29	Can add student profile	10	add_studentprofile
30	Can change student profile	10	change_studentprofile
31	Can delete student profile	10	delete_studentprofile
32	Can view student profile	10	view_studentprofile
33	Can add enrollment	8	add_enrollment
34	Can change enrollment	8	change_enrollment
35	Can delete enrollment	8	delete_enrollment
36	Can view enrollment	8	view_enrollment
37	Can add faculty profile	9	add_facultyprofile
38	Can change faculty profile	9	change_facultyprofile
39	Can delete faculty profile	9	delete_facultyprofile
40	Can view faculty profile	9	view_facultyprofile
41	Can add faculty profile	11	add_facultyprofile
42	Can change faculty profile	11	change_facultyprofile
43	Can delete faculty profile	11	delete_facultyprofile
44	Can view faculty profile	11	view_facultyprofile
45	Can add student profile	12	add_studentprofile
46	Can change student profile	12	change_studentprofile
47	Can delete student profile	12	delete_studentprofile
48	Can view student profile	12	view_studentprofile
49	Can add attendance	13	add_attendance
50	Can change attendance	13	change_attendance
51	Can delete attendance	13	delete_attendance
52	Can view attendance	13	view_attendance
53	Can add batch	14	add_batch
54	Can change batch	14	change_batch
55	Can delete batch	14	delete_batch
56	Can view batch	14	view_batch
57	Can add exam result	16	add_examresult
58	Can change exam result	16	change_examresult
59	Can delete exam result	16	delete_examresult
60	Can view exam result	16	view_examresult
61	Can add exam	15	add_exam
62	Can change exam	15	change_exam
63	Can delete exam	15	delete_exam
64	Can view exam	15	view_exam
65	Can add grade	17	add_grade
66	Can change grade	17	change_grade
67	Can delete grade	17	delete_grade
68	Can view grade	17	view_grade
69	Can add quiz answer	19	add_quizanswer
70	Can change quiz answer	19	change_quizanswer
71	Can delete quiz answer	19	delete_quizanswer
72	Can view quiz answer	19	view_quizanswer
73	Can add quiz attempt	20	add_quizattempt
74	Can change quiz attempt	20	change_quizattempt
75	Can delete quiz attempt	20	delete_quizattempt
76	Can view quiz attempt	20	view_quizattempt
77	Can add quiz	18	add_quiz
78	Can change quiz	18	change_quiz
79	Can delete quiz	18	delete_quiz
80	Can view quiz	18	view_quiz
81	Can add quiz question	21	add_quizquestion
82	Can change quiz question	21	change_quizquestion
83	Can delete quiz question	21	delete_quizquestion
84	Can view quiz question	21	view_quizquestion
85	Can add department	22	add_department
86	Can change department	22	change_department
87	Can delete department	22	delete_department
88	Can view department	22	view_department
89	Can add timetable	23	add_timetable
90	Can change timetable	23	change_timetable
91	Can delete timetable	23	delete_timetable
92	Can view timetable	23	view_timetable
\.


--
-- Data for Name: django_admin_log; Type: TABLE DATA; Schema: public; Owner: postgres
--

COPY public.django_admin_log (id, action_time, object_id, object_repr, action_flag, change_message, content_type_id, user_id) FROM stdin;
1	2026-01-28 13:02:22.397569+05:30	6	faculty2 (faculty)	1	[{"added": {}}]	6	1
2	2026-01-28 13:03:28.184043+05:30	7	student2 (student)	1	[{"added": {}}]	6	1
3	2026-01-28 13:04:25.781518+05:30	1	faculty2 - Faculty	1	[{"added": {}}]	9	1
4	2026-01-28 13:06:38.260089+05:30	1	student2 - Student	1	[{"added": {}}]	10	1
5	2026-01-28 13:07:55.363744+05:30	1	CS201 - Data Structures	1	[{"added": {}}]	7	1
6	2026-01-28 13:09:05.761643+05:30	1	student2 → CS201	1	[{"added": {}}]	8	1
7	2026-01-28 14:56:03.045808+05:30	8	student3 (student)	1	[{"added": {}}]	6	1
8	2026-01-28 17:42:03.729654+05:30	10	faculty4 (faculty)	1	[{"added": {}}]	6	1
9	2026-01-28 17:43:01.447118+05:30	11	student4 (student)	1	[{"added": {}}]	6	1
10	2026-01-28 17:43:14.715534+05:30	1	StudentProfile object (1)	1	[{"added": {}}]	12	1
11	2026-01-28 17:43:37.641846+05:30	4	FacultyProfile object (4)	1	[{"added": {}}]	11	1
12	2026-01-29 10:13:38.202145+05:30	12	Soumili34 (faculty)	1	[{"added": {}}]	6	1
13	2026-01-29 10:51:02.419382+05:30	2	FacultyProfile object (2)	1	[{"added": {}}]	11	1
14	2026-01-29 10:52:36.875801+05:30	13	soumya25 (student)	1	[{"added": {}}]	6	1
15	2026-01-29 11:05:35.837742+05:30	3	StudentProfile object (3)	1	[{"added": {}}]	12	1
16	2026-01-29 11:07:22.797243+05:30	2	ENG104 - English Literature	1	[{"added": {}}]	7	1
17	2026-01-29 11:47:39.246618+05:30	2	soumya25 → ENG104	1	[{"added": {}}]	8	1
18	2026-02-11 17:43:47.932797+05:30	2	faculty1 (faculty)	3		6	1
19	2026-02-11 17:47:05.445448+05:30	10	faculty4 (faculty)	3		6	1
20	2026-02-13 16:45:00.421506+05:30	1	Mukherjee (admin)	2	[{"changed": {"fields": ["Is email verified", "Is approved"]}}]	6	1
21	2026-02-13 16:57:02.771337+05:30	33	Debangshu@26 (faculty)	2	[{"changed": {"fields": ["Is approved"]}}]	6	1
22	2026-02-13 17:26:43.870079+05:30	13	Saumya (student)	2	[]	6	1
23	2026-02-13 17:28:22.231588+05:30	13	Saumya (student)	2	[{"changed": {"fields": ["Is approved"]}}]	6	1
24	2026-02-16 10:23:19.505866+05:30	34	Raikamal@26 (student)	2	[{"changed": {"fields": ["Is approved"]}}]	6	1
\.


--
-- Data for Name: django_content_type; Type: TABLE DATA; Schema: public; Owner: postgres
--

COPY public.django_content_type (id, app_label, model) FROM stdin;
1	admin	logentry
2	auth	group
3	auth	permission
4	contenttypes	contenttype
5	sessions	session
6	accounts	user
7	academics	course
8	academics	enrollment
9	academics	facultyprofile
10	academics	studentprofile
11	accounts	facultyprofile
12	accounts	studentprofile
13	academics	attendance
14	academics	batch
15	academics	exam
16	academics	examresult
17	academics	grade
18	academics	quiz
19	academics	quizanswer
20	academics	quizattempt
21	academics	quizquestion
22	academics	department
23	academics	timetable
\.


--
-- Data for Name: django_migrations; Type: TABLE DATA; Schema: public; Owner: postgres
--

COPY public.django_migrations (id, app, name, applied) FROM stdin;
1	contenttypes	0001_initial	2026-01-22 15:58:32.921087+05:30
2	contenttypes	0002_remove_content_type_name	2026-01-22 15:58:32.93145+05:30
3	auth	0001_initial	2026-01-22 15:58:32.967446+05:30
4	auth	0002_alter_permission_name_max_length	2026-01-22 15:58:32.970934+05:30
5	auth	0003_alter_user_email_max_length	2026-01-22 15:58:32.97594+05:30
6	auth	0004_alter_user_username_opts	2026-01-22 15:58:32.982394+05:30
7	auth	0005_alter_user_last_login_null	2026-01-22 15:58:32.986475+05:30
8	auth	0006_require_contenttypes_0002	2026-01-22 15:58:32.987387+05:30
9	auth	0007_alter_validators_add_error_messages	2026-01-22 15:58:32.991618+05:30
10	auth	0008_alter_user_username_max_length	2026-01-22 15:58:32.995701+05:30
11	auth	0009_alter_user_last_name_max_length	2026-01-22 15:58:32.999484+05:30
12	auth	0010_alter_group_name_max_length	2026-01-22 15:58:33.00323+05:30
13	auth	0011_update_proxy_permissions	2026-01-22 15:58:33.007374+05:30
14	auth	0012_alter_user_first_name_max_length	2026-01-22 15:58:33.012855+05:30
15	accounts	0001_initial	2026-01-22 15:58:33.035404+05:30
16	admin	0001_initial	2026-01-22 15:58:33.047799+05:30
17	admin	0002_logentry_remove_auto_add	2026-01-22 15:58:33.052408+05:30
18	admin	0003_logentry_add_action_flag_choices	2026-01-22 15:58:33.058022+05:30
19	sessions	0001_initial	2026-01-22 15:58:33.065742+05:30
20	accounts	0002_remove_user_phone_user_otp_user_otp_created_at	2026-01-27 11:47:56.87843+05:30
21	accounts	0003_rename_otp_created_at_user_otp_expiry_and_more	2026-01-27 15:07:34.587286+05:30
22	accounts	0004_user_reset_token_user_reset_token_expiry	2026-01-27 15:51:09.243024+05:30
24	accounts	0005_course_enrollment_facultyprofile_studentprofile	2026-01-28 16:04:11.867599+05:30
25	accounts	0006_remove_enrollment_course_remove_enrollment_student_and_more	2026-01-28 17:22:20.426536+05:30
26	accounts	0007_alter_facultyprofile_table_and_more	2026-01-28 18:13:03.268004+05:30
28	accounts	0008_studentprofile_address	2026-01-29 11:00:30.891131+05:30
29	accounts	0009_remove_studentprofile_address	2026-01-29 11:01:18.524792+05:30
31	accounts	0010_studentprofile_address_studentprofile_admission_year_and_more	2026-01-29 14:42:08.517715+05:30
32	accounts	0011_alter_studentprofile_address_and_more	2026-01-29 14:56:20.45256+05:30
33	accounts	0008_studentprofile_address_studentprofile_admission_year_and_more	2026-01-30 11:56:57.073208+05:30
37	academics	0001_initial	2026-02-05 16:22:29.663749+05:30
38	academics	0002_alter_course_table_alter_enrollment_table_attendance	2026-02-05 16:22:29.66533+05:30
39	academics	0003_batch	2026-02-05 16:22:39.499844+05:30
40	academics	0004_alter_batch_unique_together	2026-02-05 16:22:39.503642+05:30
41	accounts	0009_studentprofile_batch	2026-02-05 16:36:35.187127+05:30
42	academics	0005_exam_examresult	2026-02-07 12:50:15.82176+05:30
43	academics	0006_grade	2026-02-07 13:08:58.812917+05:30
44	academics	0007_quiz_quizattempt_quizquestion_quizanswer	2026-02-07 16:37:19.051778+05:30
45	academics	0008_quizanswer_is_correct	2026-02-09 11:26:09.4498+05:30
46	academics	0009_course_department	2026-02-10 16:28:17.924899+05:30
47	academics	0010_department_alter_course_department	2026-02-11 11:21:10.410133+05:30
48	academics	0011_remove_course_department	2026-02-11 11:21:10.419125+05:30
49	academics	0012_course_department	2026-02-11 11:21:59.392281+05:30
50	academics	0013_timetable	2026-02-12 15:12:46.451521+05:30
51	accounts	0010_user_is_approved	2026-02-13 16:32:37.01023+05:30
52	academics	0014_attendance_marked_by	2026-02-18 12:58:10.210263+05:30
\.


--
-- Data for Name: django_session; Type: TABLE DATA; Schema: public; Owner: postgres
--

COPY public.django_session (session_key, session_data, expire_date) FROM stdin;
sr6ptol8fwmog5s129ys5ssms3rddl83	.eJxVjMEOwiAQRP-FsyFQpEs9evcbyC4sUjWQlPZk_Hdp0oMmc5r3Zt7C47ZmvzVe_BzFRWhx-u0Iw5PLDuIDy73KUMu6zCR3RR60yVuN_Loe7t9Bxpb7mm1SEHUKTivjzpOzk7HAFAc9klLMNGIwplMkcD0AgElHRBgCgRGfL9ftN9E:1vsZi4:arL83n_tkWrMx3jzyHB2zxoFVnj96uwRZd4nAn9iuYU	2026-03-04 10:32:48.595129+05:30
mao2fj98jj9u32uypzygl38h12h17r85	.eJxVjEEOwiAQRe_C2hCgDBaX7nsGMjCDVA0kpV0Z765NutDtf-_9lwi4rSVsnZcwk7gIbcTpd4yYHlx3QnestyZTq-syR7kr8qBdTo34eT3cv4OCvXxrGDgSWow5KyIAf_YqKQ0jeJ0tOetUgmEwxKwiZ2SLCNYk68acjWLx_gAfgzi5:1vqTSR:5YMHpS9XY6Cqezx2uMUgpmE08Qi9TPXXUAesDapqiqg	2026-02-26 15:27:59.089774+05:30
\.


--
-- Name: academics_attendance_id_seq; Type: SEQUENCE SET; Schema: public; Owner: postgres
--

SELECT pg_catalog.setval('public.academics_attendance_id_seq', 10, true);


--
-- Name: academics_batch_id_seq; Type: SEQUENCE SET; Schema: public; Owner: postgres
--

SELECT pg_catalog.setval('public.academics_batch_id_seq', 1, true);


--
-- Name: academics_course_id_seq; Type: SEQUENCE SET; Schema: public; Owner: postgres
--

SELECT pg_catalog.setval('public.academics_course_id_seq', 6, true);


--
-- Name: academics_department_id_seq; Type: SEQUENCE SET; Schema: public; Owner: postgres
--

SELECT pg_catalog.setval('public.academics_department_id_seq', 3, true);


--
-- Name: academics_enrollment_id_seq; Type: SEQUENCE SET; Schema: public; Owner: postgres
--

SELECT pg_catalog.setval('public.academics_enrollment_id_seq', 16, true);


--
-- Name: academics_exam_id_seq; Type: SEQUENCE SET; Schema: public; Owner: postgres
--

SELECT pg_catalog.setval('public.academics_exam_id_seq', 2, true);


--
-- Name: academics_exam_result_id_seq; Type: SEQUENCE SET; Schema: public; Owner: postgres
--

SELECT pg_catalog.setval('public.academics_exam_result_id_seq', 1, false);


--
-- Name: academics_facultyprofile_id_seq; Type: SEQUENCE SET; Schema: public; Owner: postgres
--

SELECT pg_catalog.setval('public.academics_facultyprofile_id_seq', 6, true);


--
-- Name: academics_grade_id_seq; Type: SEQUENCE SET; Schema: public; Owner: postgres
--

SELECT pg_catalog.setval('public.academics_grade_id_seq', 2, true);


--
-- Name: academics_quiz_answer_id_seq; Type: SEQUENCE SET; Schema: public; Owner: postgres
--

SELECT pg_catalog.setval('public.academics_quiz_answer_id_seq', 19, true);


--
-- Name: academics_quiz_attempt_id_seq; Type: SEQUENCE SET; Schema: public; Owner: postgres
--

SELECT pg_catalog.setval('public.academics_quiz_attempt_id_seq', 25, true);


--
-- Name: academics_quiz_id_seq; Type: SEQUENCE SET; Schema: public; Owner: postgres
--

SELECT pg_catalog.setval('public.academics_quiz_id_seq', 3, true);


--
-- Name: academics_quiz_question_id_seq; Type: SEQUENCE SET; Schema: public; Owner: postgres
--

SELECT pg_catalog.setval('public.academics_quiz_question_id_seq', 5, true);


--
-- Name: academics_studentprofile_id_seq; Type: SEQUENCE SET; Schema: public; Owner: postgres
--

SELECT pg_catalog.setval('public.academics_studentprofile_id_seq', 25, true);


--
-- Name: academics_timetable_id_seq; Type: SEQUENCE SET; Schema: public; Owner: postgres
--

SELECT pg_catalog.setval('public.academics_timetable_id_seq', 2, true);


--
-- Name: accounts_facultyprofile_id_seq; Type: SEQUENCE SET; Schema: public; Owner: postgres
--

SELECT pg_catalog.setval('public.accounts_facultyprofile_id_seq', 4, true);


--
-- Name: accounts_studentprofile_id_seq; Type: SEQUENCE SET; Schema: public; Owner: postgres
--

SELECT pg_catalog.setval('public.accounts_studentprofile_id_seq', 1, true);


--
-- Name: accounts_user_groups_id_seq; Type: SEQUENCE SET; Schema: public; Owner: postgres
--

SELECT pg_catalog.setval('public.accounts_user_groups_id_seq', 1, false);


--
-- Name: accounts_user_id_seq; Type: SEQUENCE SET; Schema: public; Owner: postgres
--

SELECT pg_catalog.setval('public.accounts_user_id_seq', 34, true);


--
-- Name: accounts_user_user_permissions_id_seq; Type: SEQUENCE SET; Schema: public; Owner: postgres
--

SELECT pg_catalog.setval('public.accounts_user_user_permissions_id_seq', 1, false);


--
-- Name: auth_group_id_seq; Type: SEQUENCE SET; Schema: public; Owner: postgres
--

SELECT pg_catalog.setval('public.auth_group_id_seq', 1, false);


--
-- Name: auth_group_permissions_id_seq; Type: SEQUENCE SET; Schema: public; Owner: postgres
--

SELECT pg_catalog.setval('public.auth_group_permissions_id_seq', 1, false);


--
-- Name: auth_permission_id_seq; Type: SEQUENCE SET; Schema: public; Owner: postgres
--

SELECT pg_catalog.setval('public.auth_permission_id_seq', 92, true);


--
-- Name: django_admin_log_id_seq; Type: SEQUENCE SET; Schema: public; Owner: postgres
--

SELECT pg_catalog.setval('public.django_admin_log_id_seq', 24, true);


--
-- Name: django_content_type_id_seq; Type: SEQUENCE SET; Schema: public; Owner: postgres
--

SELECT pg_catalog.setval('public.django_content_type_id_seq', 23, true);


--
-- Name: django_migrations_id_seq; Type: SEQUENCE SET; Schema: public; Owner: postgres
--

SELECT pg_catalog.setval('public.django_migrations_id_seq', 52, true);


--
-- Name: academics_attendance academics_attendance_pkey; Type: CONSTRAINT; Schema: public; Owner: postgres
--

ALTER TABLE ONLY public.academics_attendance
    ADD CONSTRAINT academics_attendance_pkey PRIMARY KEY (id);


--
-- Name: academics_attendance academics_attendance_student_id_course_id_date_34024a36_uniq; Type: CONSTRAINT; Schema: public; Owner: postgres
--

ALTER TABLE ONLY public.academics_attendance
    ADD CONSTRAINT academics_attendance_student_id_course_id_date_34024a36_uniq UNIQUE (student_id, course_id, date);


--
-- Name: academics_batch academics_batch_name_academic_year_e7360290_uniq; Type: CONSTRAINT; Schema: public; Owner: postgres
--

ALTER TABLE ONLY public.academics_batch
    ADD CONSTRAINT academics_batch_name_academic_year_e7360290_uniq UNIQUE (name, academic_year);


--
-- Name: academics_batch academics_batch_pkey; Type: CONSTRAINT; Schema: public; Owner: postgres
--

ALTER TABLE ONLY public.academics_batch
    ADD CONSTRAINT academics_batch_pkey PRIMARY KEY (id);


--
-- Name: academics_course academics_course_code_key; Type: CONSTRAINT; Schema: public; Owner: postgres
--

ALTER TABLE ONLY public.academics_course
    ADD CONSTRAINT academics_course_code_key UNIQUE (code);


--
-- Name: academics_course academics_course_pkey; Type: CONSTRAINT; Schema: public; Owner: postgres
--

ALTER TABLE ONLY public.academics_course
    ADD CONSTRAINT academics_course_pkey PRIMARY KEY (id);


--
-- Name: academics_department academics_department_code_key; Type: CONSTRAINT; Schema: public; Owner: postgres
--

ALTER TABLE ONLY public.academics_department
    ADD CONSTRAINT academics_department_code_key UNIQUE (code);


--
-- Name: academics_department academics_department_name_key; Type: CONSTRAINT; Schema: public; Owner: postgres
--

ALTER TABLE ONLY public.academics_department
    ADD CONSTRAINT academics_department_name_key UNIQUE (name);


--
-- Name: academics_department academics_department_pkey; Type: CONSTRAINT; Schema: public; Owner: postgres
--

ALTER TABLE ONLY public.academics_department
    ADD CONSTRAINT academics_department_pkey PRIMARY KEY (id);


--
-- Name: academics_enrollment academics_enrollment_pkey; Type: CONSTRAINT; Schema: public; Owner: postgres
--

ALTER TABLE ONLY public.academics_enrollment
    ADD CONSTRAINT academics_enrollment_pkey PRIMARY KEY (id);


--
-- Name: academics_enrollment academics_enrollment_student_id_course_id_623a59e2_uniq; Type: CONSTRAINT; Schema: public; Owner: postgres
--

ALTER TABLE ONLY public.academics_enrollment
    ADD CONSTRAINT academics_enrollment_student_id_course_id_623a59e2_uniq UNIQUE (student_id, course_id);


--
-- Name: academics_exam academics_exam_pkey; Type: CONSTRAINT; Schema: public; Owner: postgres
--

ALTER TABLE ONLY public.academics_exam
    ADD CONSTRAINT academics_exam_pkey PRIMARY KEY (id);


--
-- Name: academics_exam_result academics_exam_result_exam_id_student_id_02a55579_uniq; Type: CONSTRAINT; Schema: public; Owner: postgres
--

ALTER TABLE ONLY public.academics_exam_result
    ADD CONSTRAINT academics_exam_result_exam_id_student_id_02a55579_uniq UNIQUE (exam_id, student_id);


--
-- Name: academics_exam_result academics_exam_result_pkey; Type: CONSTRAINT; Schema: public; Owner: postgres
--

ALTER TABLE ONLY public.academics_exam_result
    ADD CONSTRAINT academics_exam_result_pkey PRIMARY KEY (id);


--
-- Name: academics_facultyprofile academics_facultyprofile_pkey; Type: CONSTRAINT; Schema: public; Owner: postgres
--

ALTER TABLE ONLY public.academics_facultyprofile
    ADD CONSTRAINT academics_facultyprofile_pkey PRIMARY KEY (id);


--
-- Name: academics_facultyprofile academics_facultyprofile_user_id_key; Type: CONSTRAINT; Schema: public; Owner: postgres
--

ALTER TABLE ONLY public.academics_facultyprofile
    ADD CONSTRAINT academics_facultyprofile_user_id_key UNIQUE (user_id);


--
-- Name: academics_grade academics_grade_exam_id_student_id_24c71193_uniq; Type: CONSTRAINT; Schema: public; Owner: postgres
--

ALTER TABLE ONLY public.academics_grade
    ADD CONSTRAINT academics_grade_exam_id_student_id_24c71193_uniq UNIQUE (exam_id, student_id);


--
-- Name: academics_grade academics_grade_pkey; Type: CONSTRAINT; Schema: public; Owner: postgres
--

ALTER TABLE ONLY public.academics_grade
    ADD CONSTRAINT academics_grade_pkey PRIMARY KEY (id);


--
-- Name: academics_quiz_answer academics_quiz_answer_attempt_id_question_id_93c72f28_uniq; Type: CONSTRAINT; Schema: public; Owner: postgres
--

ALTER TABLE ONLY public.academics_quiz_answer
    ADD CONSTRAINT academics_quiz_answer_attempt_id_question_id_93c72f28_uniq UNIQUE (attempt_id, question_id);


--
-- Name: academics_quiz_answer academics_quiz_answer_pkey; Type: CONSTRAINT; Schema: public; Owner: postgres
--

ALTER TABLE ONLY public.academics_quiz_answer
    ADD CONSTRAINT academics_quiz_answer_pkey PRIMARY KEY (id);


--
-- Name: academics_quiz_attempt academics_quiz_attempt_pkey; Type: CONSTRAINT; Schema: public; Owner: postgres
--

ALTER TABLE ONLY public.academics_quiz_attempt
    ADD CONSTRAINT academics_quiz_attempt_pkey PRIMARY KEY (id);


--
-- Name: academics_quiz academics_quiz_pkey; Type: CONSTRAINT; Schema: public; Owner: postgres
--

ALTER TABLE ONLY public.academics_quiz
    ADD CONSTRAINT academics_quiz_pkey PRIMARY KEY (id);


--
-- Name: academics_quiz_question academics_quiz_question_pkey; Type: CONSTRAINT; Schema: public; Owner: postgres
--

ALTER TABLE ONLY public.academics_quiz_question
    ADD CONSTRAINT academics_quiz_question_pkey PRIMARY KEY (id);


--
-- Name: academics_studentprofile academics_studentprofile_pkey; Type: CONSTRAINT; Schema: public; Owner: postgres
--

ALTER TABLE ONLY public.academics_studentprofile
    ADD CONSTRAINT academics_studentprofile_pkey PRIMARY KEY (id);


--
-- Name: academics_studentprofile academics_studentprofile_roll_number_key; Type: CONSTRAINT; Schema: public; Owner: postgres
--

ALTER TABLE ONLY public.academics_studentprofile
    ADD CONSTRAINT academics_studentprofile_roll_number_key UNIQUE (roll_number);


--
-- Name: academics_studentprofile academics_studentprofile_user_id_key; Type: CONSTRAINT; Schema: public; Owner: postgres
--

ALTER TABLE ONLY public.academics_studentprofile
    ADD CONSTRAINT academics_studentprofile_user_id_key UNIQUE (user_id);


--
-- Name: academics_timetable academics_timetable_batch_id_day_start_time_fe94c20c_uniq; Type: CONSTRAINT; Schema: public; Owner: postgres
--

ALTER TABLE ONLY public.academics_timetable
    ADD CONSTRAINT academics_timetable_batch_id_day_start_time_fe94c20c_uniq UNIQUE (batch_id, day, start_time);


--
-- Name: academics_timetable academics_timetable_pkey; Type: CONSTRAINT; Schema: public; Owner: postgres
--

ALTER TABLE ONLY public.academics_timetable
    ADD CONSTRAINT academics_timetable_pkey PRIMARY KEY (id);


--
-- Name: accounts_facultyprofile accounts_facultyprofile_pkey; Type: CONSTRAINT; Schema: public; Owner: postgres
--

ALTER TABLE ONLY public.accounts_facultyprofile
    ADD CONSTRAINT accounts_facultyprofile_pkey PRIMARY KEY (id);


--
-- Name: accounts_facultyprofile accounts_facultyprofile_user_id_key; Type: CONSTRAINT; Schema: public; Owner: postgres
--

ALTER TABLE ONLY public.accounts_facultyprofile
    ADD CONSTRAINT accounts_facultyprofile_user_id_key UNIQUE (user_id);


--
-- Name: accounts_studentprofile accounts_studentprofile_pkey; Type: CONSTRAINT; Schema: public; Owner: postgres
--

ALTER TABLE ONLY public.accounts_studentprofile
    ADD CONSTRAINT accounts_studentprofile_pkey PRIMARY KEY (id);


--
-- Name: accounts_studentprofile accounts_studentprofile_roll_number_1275be73_uniq; Type: CONSTRAINT; Schema: public; Owner: postgres
--

ALTER TABLE ONLY public.accounts_studentprofile
    ADD CONSTRAINT accounts_studentprofile_roll_number_1275be73_uniq UNIQUE (roll_number);


--
-- Name: accounts_studentprofile accounts_studentprofile_user_id_key; Type: CONSTRAINT; Schema: public; Owner: postgres
--

ALTER TABLE ONLY public.accounts_studentprofile
    ADD CONSTRAINT accounts_studentprofile_user_id_key UNIQUE (user_id);


--
-- Name: accounts_user_groups accounts_user_groups_pkey; Type: CONSTRAINT; Schema: public; Owner: postgres
--

ALTER TABLE ONLY public.accounts_user_groups
    ADD CONSTRAINT accounts_user_groups_pkey PRIMARY KEY (id);


--
-- Name: accounts_user_groups accounts_user_groups_user_id_group_id_59c0b32f_uniq; Type: CONSTRAINT; Schema: public; Owner: postgres
--

ALTER TABLE ONLY public.accounts_user_groups
    ADD CONSTRAINT accounts_user_groups_user_id_group_id_59c0b32f_uniq UNIQUE (user_id, group_id);


--
-- Name: accounts_user accounts_user_pkey; Type: CONSTRAINT; Schema: public; Owner: postgres
--

ALTER TABLE ONLY public.accounts_user
    ADD CONSTRAINT accounts_user_pkey PRIMARY KEY (id);


--
-- Name: accounts_user_user_permissions accounts_user_user_permi_user_id_permission_id_2ab516c2_uniq; Type: CONSTRAINT; Schema: public; Owner: postgres
--

ALTER TABLE ONLY public.accounts_user_user_permissions
    ADD CONSTRAINT accounts_user_user_permi_user_id_permission_id_2ab516c2_uniq UNIQUE (user_id, permission_id);


--
-- Name: accounts_user_user_permissions accounts_user_user_permissions_pkey; Type: CONSTRAINT; Schema: public; Owner: postgres
--

ALTER TABLE ONLY public.accounts_user_user_permissions
    ADD CONSTRAINT accounts_user_user_permissions_pkey PRIMARY KEY (id);


--
-- Name: accounts_user accounts_user_username_key; Type: CONSTRAINT; Schema: public; Owner: postgres
--

ALTER TABLE ONLY public.accounts_user
    ADD CONSTRAINT accounts_user_username_key UNIQUE (username);


--
-- Name: auth_group auth_group_name_key; Type: CONSTRAINT; Schema: public; Owner: postgres
--

ALTER TABLE ONLY public.auth_group
    ADD CONSTRAINT auth_group_name_key UNIQUE (name);


--
-- Name: auth_group_permissions auth_group_permissions_group_id_permission_id_0cd325b0_uniq; Type: CONSTRAINT; Schema: public; Owner: postgres
--

ALTER TABLE ONLY public.auth_group_permissions
    ADD CONSTRAINT auth_group_permissions_group_id_permission_id_0cd325b0_uniq UNIQUE (group_id, permission_id);


--
-- Name: auth_group_permissions auth_group_permissions_pkey; Type: CONSTRAINT; Schema: public; Owner: postgres
--

ALTER TABLE ONLY public.auth_group_permissions
    ADD CONSTRAINT auth_group_permissions_pkey PRIMARY KEY (id);


--
-- Name: auth_group auth_group_pkey; Type: CONSTRAINT; Schema: public; Owner: postgres
--

ALTER TABLE ONLY public.auth_group
    ADD CONSTRAINT auth_group_pkey PRIMARY KEY (id);


--
-- Name: auth_permission auth_permission_content_type_id_codename_01ab375a_uniq; Type: CONSTRAINT; Schema: public; Owner: postgres
--

ALTER TABLE ONLY public.auth_permission
    ADD CONSTRAINT auth_permission_content_type_id_codename_01ab375a_uniq UNIQUE (content_type_id, codename);


--
-- Name: auth_permission auth_permission_pkey; Type: CONSTRAINT; Schema: public; Owner: postgres
--

ALTER TABLE ONLY public.auth_permission
    ADD CONSTRAINT auth_permission_pkey PRIMARY KEY (id);


--
-- Name: django_admin_log django_admin_log_pkey; Type: CONSTRAINT; Schema: public; Owner: postgres
--

ALTER TABLE ONLY public.django_admin_log
    ADD CONSTRAINT django_admin_log_pkey PRIMARY KEY (id);


--
-- Name: django_content_type django_content_type_app_label_model_76bd3d3b_uniq; Type: CONSTRAINT; Schema: public; Owner: postgres
--

ALTER TABLE ONLY public.django_content_type
    ADD CONSTRAINT django_content_type_app_label_model_76bd3d3b_uniq UNIQUE (app_label, model);


--
-- Name: django_content_type django_content_type_pkey; Type: CONSTRAINT; Schema: public; Owner: postgres
--

ALTER TABLE ONLY public.django_content_type
    ADD CONSTRAINT django_content_type_pkey PRIMARY KEY (id);


--
-- Name: django_migrations django_migrations_pkey; Type: CONSTRAINT; Schema: public; Owner: postgres
--

ALTER TABLE ONLY public.django_migrations
    ADD CONSTRAINT django_migrations_pkey PRIMARY KEY (id);


--
-- Name: django_session django_session_pkey; Type: CONSTRAINT; Schema: public; Owner: postgres
--

ALTER TABLE ONLY public.django_session
    ADD CONSTRAINT django_session_pkey PRIMARY KEY (session_key);


--
-- Name: academics_attendance_course_id_5457bc66; Type: INDEX; Schema: public; Owner: postgres
--

CREATE INDEX academics_attendance_course_id_5457bc66 ON public.academics_attendance USING btree (course_id);


--
-- Name: academics_attendance_marked_by_id_58dac526; Type: INDEX; Schema: public; Owner: postgres
--

CREATE INDEX academics_attendance_marked_by_id_58dac526 ON public.academics_attendance USING btree (marked_by_id);


--
-- Name: academics_attendance_student_id_162c1f90; Type: INDEX; Schema: public; Owner: postgres
--

CREATE INDEX academics_attendance_student_id_162c1f90 ON public.academics_attendance USING btree (student_id);


--
-- Name: academics_course_code_43b1246d_like; Type: INDEX; Schema: public; Owner: postgres
--

CREATE INDEX academics_course_code_43b1246d_like ON public.academics_course USING btree (code varchar_pattern_ops);


--
-- Name: academics_course_department_id_afe8fcd1; Type: INDEX; Schema: public; Owner: postgres
--

CREATE INDEX academics_course_department_id_afe8fcd1 ON public.academics_course USING btree (department_id);


--
-- Name: academics_course_faculty_id_f1ea56ef; Type: INDEX; Schema: public; Owner: postgres
--

CREATE INDEX academics_course_faculty_id_f1ea56ef ON public.academics_course USING btree (faculty_id);


--
-- Name: academics_department_code_e68a2c68_like; Type: INDEX; Schema: public; Owner: postgres
--

CREATE INDEX academics_department_code_e68a2c68_like ON public.academics_department USING btree (code varchar_pattern_ops);


--
-- Name: academics_department_name_2e89c541_like; Type: INDEX; Schema: public; Owner: postgres
--

CREATE INDEX academics_department_name_2e89c541_like ON public.academics_department USING btree (name varchar_pattern_ops);


--
-- Name: academics_enrollment_course_id_9ed2e9a1; Type: INDEX; Schema: public; Owner: postgres
--

CREATE INDEX academics_enrollment_course_id_9ed2e9a1 ON public.academics_enrollment USING btree (course_id);


--
-- Name: academics_enrollment_student_id_b0ee2adf; Type: INDEX; Schema: public; Owner: postgres
--

CREATE INDEX academics_enrollment_student_id_b0ee2adf ON public.academics_enrollment USING btree (student_id);


--
-- Name: academics_exam_course_id_7ff08d1b; Type: INDEX; Schema: public; Owner: postgres
--

CREATE INDEX academics_exam_course_id_7ff08d1b ON public.academics_exam USING btree (course_id);


--
-- Name: academics_exam_result_exam_id_2a94f4b4; Type: INDEX; Schema: public; Owner: postgres
--

CREATE INDEX academics_exam_result_exam_id_2a94f4b4 ON public.academics_exam_result USING btree (exam_id);


--
-- Name: academics_exam_result_student_id_44ef5097; Type: INDEX; Schema: public; Owner: postgres
--

CREATE INDEX academics_exam_result_student_id_44ef5097 ON public.academics_exam_result USING btree (student_id);


--
-- Name: academics_grade_exam_id_e449a323; Type: INDEX; Schema: public; Owner: postgres
--

CREATE INDEX academics_grade_exam_id_e449a323 ON public.academics_grade USING btree (exam_id);


--
-- Name: academics_grade_student_id_d385fb23; Type: INDEX; Schema: public; Owner: postgres
--

CREATE INDEX academics_grade_student_id_d385fb23 ON public.academics_grade USING btree (student_id);


--
-- Name: academics_quiz_answer_attempt_id_a1195864; Type: INDEX; Schema: public; Owner: postgres
--

CREATE INDEX academics_quiz_answer_attempt_id_a1195864 ON public.academics_quiz_answer USING btree (attempt_id);


--
-- Name: academics_quiz_answer_question_id_fe403156; Type: INDEX; Schema: public; Owner: postgres
--

CREATE INDEX academics_quiz_answer_question_id_fe403156 ON public.academics_quiz_answer USING btree (question_id);


--
-- Name: academics_quiz_attempt_quiz_id_ae28c978; Type: INDEX; Schema: public; Owner: postgres
--

CREATE INDEX academics_quiz_attempt_quiz_id_ae28c978 ON public.academics_quiz_attempt USING btree (quiz_id);


--
-- Name: academics_quiz_attempt_student_id_e45342cf; Type: INDEX; Schema: public; Owner: postgres
--

CREATE INDEX academics_quiz_attempt_student_id_e45342cf ON public.academics_quiz_attempt USING btree (student_id);


--
-- Name: academics_quiz_course_id_4f6df07b; Type: INDEX; Schema: public; Owner: postgres
--

CREATE INDEX academics_quiz_course_id_4f6df07b ON public.academics_quiz USING btree (course_id);


--
-- Name: academics_quiz_question_quiz_id_79f05a01; Type: INDEX; Schema: public; Owner: postgres
--

CREATE INDEX academics_quiz_question_quiz_id_79f05a01 ON public.academics_quiz_question USING btree (quiz_id);


--
-- Name: academics_studentprofile_batch_id_d2ed370c; Type: INDEX; Schema: public; Owner: postgres
--

CREATE INDEX academics_studentprofile_batch_id_d2ed370c ON public.academics_studentprofile USING btree (batch_id);


--
-- Name: academics_studentprofile_roll_number_cf5a7161_like; Type: INDEX; Schema: public; Owner: postgres
--

CREATE INDEX academics_studentprofile_roll_number_cf5a7161_like ON public.academics_studentprofile USING btree (roll_number varchar_pattern_ops);


--
-- Name: academics_timetable_batch_id_27a3deeb; Type: INDEX; Schema: public; Owner: postgres
--

CREATE INDEX academics_timetable_batch_id_27a3deeb ON public.academics_timetable USING btree (batch_id);


--
-- Name: academics_timetable_course_id_b92190fb; Type: INDEX; Schema: public; Owner: postgres
--

CREATE INDEX academics_timetable_course_id_b92190fb ON public.academics_timetable USING btree (course_id);


--
-- Name: academics_timetable_faculty_id_1b4d96ee; Type: INDEX; Schema: public; Owner: postgres
--

CREATE INDEX academics_timetable_faculty_id_1b4d96ee ON public.academics_timetable USING btree (faculty_id);


--
-- Name: accounts_studentprofile_roll_number_1275be73_like; Type: INDEX; Schema: public; Owner: postgres
--

CREATE INDEX accounts_studentprofile_roll_number_1275be73_like ON public.accounts_studentprofile USING btree (roll_number varchar_pattern_ops);


--
-- Name: accounts_user_groups_group_id_bd11a704; Type: INDEX; Schema: public; Owner: postgres
--

CREATE INDEX accounts_user_groups_group_id_bd11a704 ON public.accounts_user_groups USING btree (group_id);


--
-- Name: accounts_user_groups_user_id_52b62117; Type: INDEX; Schema: public; Owner: postgres
--

CREATE INDEX accounts_user_groups_user_id_52b62117 ON public.accounts_user_groups USING btree (user_id);


--
-- Name: accounts_user_user_permissions_permission_id_113bb443; Type: INDEX; Schema: public; Owner: postgres
--

CREATE INDEX accounts_user_user_permissions_permission_id_113bb443 ON public.accounts_user_user_permissions USING btree (permission_id);


--
-- Name: accounts_user_user_permissions_user_id_e4f0a161; Type: INDEX; Schema: public; Owner: postgres
--

CREATE INDEX accounts_user_user_permissions_user_id_e4f0a161 ON public.accounts_user_user_permissions USING btree (user_id);


--
-- Name: accounts_user_username_6088629e_like; Type: INDEX; Schema: public; Owner: postgres
--

CREATE INDEX accounts_user_username_6088629e_like ON public.accounts_user USING btree (username varchar_pattern_ops);


--
-- Name: auth_group_name_a6ea08ec_like; Type: INDEX; Schema: public; Owner: postgres
--

CREATE INDEX auth_group_name_a6ea08ec_like ON public.auth_group USING btree (name varchar_pattern_ops);


--
-- Name: auth_group_permissions_group_id_b120cbf9; Type: INDEX; Schema: public; Owner: postgres
--

CREATE INDEX auth_group_permissions_group_id_b120cbf9 ON public.auth_group_permissions USING btree (group_id);


--
-- Name: auth_group_permissions_permission_id_84c5c92e; Type: INDEX; Schema: public; Owner: postgres
--

CREATE INDEX auth_group_permissions_permission_id_84c5c92e ON public.auth_group_permissions USING btree (permission_id);


--
-- Name: auth_permission_content_type_id_2f476e4b; Type: INDEX; Schema: public; Owner: postgres
--

CREATE INDEX auth_permission_content_type_id_2f476e4b ON public.auth_permission USING btree (content_type_id);


--
-- Name: django_admin_log_content_type_id_c4bce8eb; Type: INDEX; Schema: public; Owner: postgres
--

CREATE INDEX django_admin_log_content_type_id_c4bce8eb ON public.django_admin_log USING btree (content_type_id);


--
-- Name: django_admin_log_user_id_c564eba6; Type: INDEX; Schema: public; Owner: postgres
--

CREATE INDEX django_admin_log_user_id_c564eba6 ON public.django_admin_log USING btree (user_id);


--
-- Name: django_session_expire_date_a5c62663; Type: INDEX; Schema: public; Owner: postgres
--

CREATE INDEX django_session_expire_date_a5c62663 ON public.django_session USING btree (expire_date);


--
-- Name: django_session_session_key_c0390e0f_like; Type: INDEX; Schema: public; Owner: postgres
--

CREATE INDEX django_session_session_key_c0390e0f_like ON public.django_session USING btree (session_key varchar_pattern_ops);


--
-- Name: academics_attendance academics_attendance_course_id_5457bc66_fk_academics_course_id; Type: FK CONSTRAINT; Schema: public; Owner: postgres
--

ALTER TABLE ONLY public.academics_attendance
    ADD CONSTRAINT academics_attendance_course_id_5457bc66_fk_academics_course_id FOREIGN KEY (course_id) REFERENCES public.academics_course(id) DEFERRABLE INITIALLY DEFERRED;


--
-- Name: academics_attendance academics_attendance_marked_by_id_58dac526_fk_accounts_user_id; Type: FK CONSTRAINT; Schema: public; Owner: postgres
--

ALTER TABLE ONLY public.academics_attendance
    ADD CONSTRAINT academics_attendance_marked_by_id_58dac526_fk_accounts_user_id FOREIGN KEY (marked_by_id) REFERENCES public.accounts_user(id) DEFERRABLE INITIALLY DEFERRED;


--
-- Name: academics_attendance academics_attendance_student_id_162c1f90_fk_academics; Type: FK CONSTRAINT; Schema: public; Owner: postgres
--

ALTER TABLE ONLY public.academics_attendance
    ADD CONSTRAINT academics_attendance_student_id_162c1f90_fk_academics FOREIGN KEY (student_id) REFERENCES public.academics_studentprofile(id) DEFERRABLE INITIALLY DEFERRED;


--
-- Name: academics_course academics_course_department_id_afe8fcd1_fk_academics; Type: FK CONSTRAINT; Schema: public; Owner: postgres
--

ALTER TABLE ONLY public.academics_course
    ADD CONSTRAINT academics_course_department_id_afe8fcd1_fk_academics FOREIGN KEY (department_id) REFERENCES public.academics_department(id) DEFERRABLE INITIALLY DEFERRED;


--
-- Name: academics_course academics_course_faculty_id_f1ea56ef_fk_academics; Type: FK CONSTRAINT; Schema: public; Owner: postgres
--

ALTER TABLE ONLY public.academics_course
    ADD CONSTRAINT academics_course_faculty_id_f1ea56ef_fk_academics FOREIGN KEY (faculty_id) REFERENCES public.academics_facultyprofile(id) DEFERRABLE INITIALLY DEFERRED;


--
-- Name: academics_enrollment academics_enrollment_course_id_9ed2e9a1_fk_academics_course_id; Type: FK CONSTRAINT; Schema: public; Owner: postgres
--

ALTER TABLE ONLY public.academics_enrollment
    ADD CONSTRAINT academics_enrollment_course_id_9ed2e9a1_fk_academics_course_id FOREIGN KEY (course_id) REFERENCES public.academics_course(id) DEFERRABLE INITIALLY DEFERRED;


--
-- Name: academics_enrollment academics_enrollment_student_id_b0ee2adf_fk_academics; Type: FK CONSTRAINT; Schema: public; Owner: postgres
--

ALTER TABLE ONLY public.academics_enrollment
    ADD CONSTRAINT academics_enrollment_student_id_b0ee2adf_fk_academics FOREIGN KEY (student_id) REFERENCES public.academics_studentprofile(id) DEFERRABLE INITIALLY DEFERRED;


--
-- Name: academics_exam academics_exam_course_id_7ff08d1b_fk_academics_course_id; Type: FK CONSTRAINT; Schema: public; Owner: postgres
--

ALTER TABLE ONLY public.academics_exam
    ADD CONSTRAINT academics_exam_course_id_7ff08d1b_fk_academics_course_id FOREIGN KEY (course_id) REFERENCES public.academics_course(id) DEFERRABLE INITIALLY DEFERRED;


--
-- Name: academics_exam_result academics_exam_resul_student_id_44ef5097_fk_academics; Type: FK CONSTRAINT; Schema: public; Owner: postgres
--

ALTER TABLE ONLY public.academics_exam_result
    ADD CONSTRAINT academics_exam_resul_student_id_44ef5097_fk_academics FOREIGN KEY (student_id) REFERENCES public.academics_studentprofile(id) DEFERRABLE INITIALLY DEFERRED;


--
-- Name: academics_exam_result academics_exam_result_exam_id_2a94f4b4_fk_academics_exam_id; Type: FK CONSTRAINT; Schema: public; Owner: postgres
--

ALTER TABLE ONLY public.academics_exam_result
    ADD CONSTRAINT academics_exam_result_exam_id_2a94f4b4_fk_academics_exam_id FOREIGN KEY (exam_id) REFERENCES public.academics_exam(id) DEFERRABLE INITIALLY DEFERRED;


--
-- Name: academics_facultyprofile academics_facultyprofile_user_id_66aa3804_fk_accounts_user_id; Type: FK CONSTRAINT; Schema: public; Owner: postgres
--

ALTER TABLE ONLY public.academics_facultyprofile
    ADD CONSTRAINT academics_facultyprofile_user_id_66aa3804_fk_accounts_user_id FOREIGN KEY (user_id) REFERENCES public.accounts_user(id) DEFERRABLE INITIALLY DEFERRED;


--
-- Name: academics_grade academics_grade_exam_id_e449a323_fk_academics_exam_id; Type: FK CONSTRAINT; Schema: public; Owner: postgres
--

ALTER TABLE ONLY public.academics_grade
    ADD CONSTRAINT academics_grade_exam_id_e449a323_fk_academics_exam_id FOREIGN KEY (exam_id) REFERENCES public.academics_exam(id) DEFERRABLE INITIALLY DEFERRED;


--
-- Name: academics_grade academics_grade_student_id_d385fb23_fk_academics; Type: FK CONSTRAINT; Schema: public; Owner: postgres
--

ALTER TABLE ONLY public.academics_grade
    ADD CONSTRAINT academics_grade_student_id_d385fb23_fk_academics FOREIGN KEY (student_id) REFERENCES public.academics_studentprofile(id) DEFERRABLE INITIALLY DEFERRED;


--
-- Name: academics_quiz_answer academics_quiz_answe_attempt_id_a1195864_fk_academics; Type: FK CONSTRAINT; Schema: public; Owner: postgres
--

ALTER TABLE ONLY public.academics_quiz_answer
    ADD CONSTRAINT academics_quiz_answe_attempt_id_a1195864_fk_academics FOREIGN KEY (attempt_id) REFERENCES public.academics_quiz_attempt(id) DEFERRABLE INITIALLY DEFERRED;


--
-- Name: academics_quiz_answer academics_quiz_answe_question_id_fe403156_fk_academics; Type: FK CONSTRAINT; Schema: public; Owner: postgres
--

ALTER TABLE ONLY public.academics_quiz_answer
    ADD CONSTRAINT academics_quiz_answe_question_id_fe403156_fk_academics FOREIGN KEY (question_id) REFERENCES public.academics_quiz_question(id) DEFERRABLE INITIALLY DEFERRED;


--
-- Name: academics_quiz_attempt academics_quiz_attem_student_id_e45342cf_fk_academics; Type: FK CONSTRAINT; Schema: public; Owner: postgres
--

ALTER TABLE ONLY public.academics_quiz_attempt
    ADD CONSTRAINT academics_quiz_attem_student_id_e45342cf_fk_academics FOREIGN KEY (student_id) REFERENCES public.academics_studentprofile(id) DEFERRABLE INITIALLY DEFERRED;


--
-- Name: academics_quiz_attempt academics_quiz_attempt_quiz_id_ae28c978_fk_academics_quiz_id; Type: FK CONSTRAINT; Schema: public; Owner: postgres
--

ALTER TABLE ONLY public.academics_quiz_attempt
    ADD CONSTRAINT academics_quiz_attempt_quiz_id_ae28c978_fk_academics_quiz_id FOREIGN KEY (quiz_id) REFERENCES public.academics_quiz(id) DEFERRABLE INITIALLY DEFERRED;


--
-- Name: academics_quiz academics_quiz_course_id_4f6df07b_fk_academics_course_id; Type: FK CONSTRAINT; Schema: public; Owner: postgres
--

ALTER TABLE ONLY public.academics_quiz
    ADD CONSTRAINT academics_quiz_course_id_4f6df07b_fk_academics_course_id FOREIGN KEY (course_id) REFERENCES public.academics_course(id) DEFERRABLE INITIALLY DEFERRED;


--
-- Name: academics_quiz_question academics_quiz_question_quiz_id_79f05a01_fk_academics_quiz_id; Type: FK CONSTRAINT; Schema: public; Owner: postgres
--

ALTER TABLE ONLY public.academics_quiz_question
    ADD CONSTRAINT academics_quiz_question_quiz_id_79f05a01_fk_academics_quiz_id FOREIGN KEY (quiz_id) REFERENCES public.academics_quiz(id) DEFERRABLE INITIALLY DEFERRED;


--
-- Name: academics_studentprofile academics_studentpro_batch_id_d2ed370c_fk_academics; Type: FK CONSTRAINT; Schema: public; Owner: postgres
--

ALTER TABLE ONLY public.academics_studentprofile
    ADD CONSTRAINT academics_studentpro_batch_id_d2ed370c_fk_academics FOREIGN KEY (batch_id) REFERENCES public.academics_batch(id) DEFERRABLE INITIALLY DEFERRED;


--
-- Name: academics_studentprofile academics_studentprofile_user_id_0e3dec71_fk_accounts_user_id; Type: FK CONSTRAINT; Schema: public; Owner: postgres
--

ALTER TABLE ONLY public.academics_studentprofile
    ADD CONSTRAINT academics_studentprofile_user_id_0e3dec71_fk_accounts_user_id FOREIGN KEY (user_id) REFERENCES public.accounts_user(id) DEFERRABLE INITIALLY DEFERRED;


--
-- Name: academics_timetable academics_timetable_batch_id_27a3deeb_fk_academics_batch_id; Type: FK CONSTRAINT; Schema: public; Owner: postgres
--

ALTER TABLE ONLY public.academics_timetable
    ADD CONSTRAINT academics_timetable_batch_id_27a3deeb_fk_academics_batch_id FOREIGN KEY (batch_id) REFERENCES public.academics_batch(id) DEFERRABLE INITIALLY DEFERRED;


--
-- Name: academics_timetable academics_timetable_course_id_b92190fb_fk_academics_course_id; Type: FK CONSTRAINT; Schema: public; Owner: postgres
--

ALTER TABLE ONLY public.academics_timetable
    ADD CONSTRAINT academics_timetable_course_id_b92190fb_fk_academics_course_id FOREIGN KEY (course_id) REFERENCES public.academics_course(id) DEFERRABLE INITIALLY DEFERRED;


--
-- Name: academics_timetable academics_timetable_faculty_id_1b4d96ee_fk_academics; Type: FK CONSTRAINT; Schema: public; Owner: postgres
--

ALTER TABLE ONLY public.academics_timetable
    ADD CONSTRAINT academics_timetable_faculty_id_1b4d96ee_fk_academics FOREIGN KEY (faculty_id) REFERENCES public.academics_facultyprofile(id) DEFERRABLE INITIALLY DEFERRED;


--
-- Name: accounts_facultyprofile accounts_facultyprofile_user_id_b440a916_fk_accounts_user_id; Type: FK CONSTRAINT; Schema: public; Owner: postgres
--

ALTER TABLE ONLY public.accounts_facultyprofile
    ADD CONSTRAINT accounts_facultyprofile_user_id_b440a916_fk_accounts_user_id FOREIGN KEY (user_id) REFERENCES public.accounts_user(id) DEFERRABLE INITIALLY DEFERRED;


--
-- Name: accounts_studentprofile accounts_studentprofile_user_id_04a48d2e_fk_accounts_user_id; Type: FK CONSTRAINT; Schema: public; Owner: postgres
--

ALTER TABLE ONLY public.accounts_studentprofile
    ADD CONSTRAINT accounts_studentprofile_user_id_04a48d2e_fk_accounts_user_id FOREIGN KEY (user_id) REFERENCES public.accounts_user(id) DEFERRABLE INITIALLY DEFERRED;


--
-- Name: accounts_user_groups accounts_user_groups_group_id_bd11a704_fk_auth_group_id; Type: FK CONSTRAINT; Schema: public; Owner: postgres
--

ALTER TABLE ONLY public.accounts_user_groups
    ADD CONSTRAINT accounts_user_groups_group_id_bd11a704_fk_auth_group_id FOREIGN KEY (group_id) REFERENCES public.auth_group(id) DEFERRABLE INITIALLY DEFERRED;


--
-- Name: accounts_user_groups accounts_user_groups_user_id_52b62117_fk_accounts_user_id; Type: FK CONSTRAINT; Schema: public; Owner: postgres
--

ALTER TABLE ONLY public.accounts_user_groups
    ADD CONSTRAINT accounts_user_groups_user_id_52b62117_fk_accounts_user_id FOREIGN KEY (user_id) REFERENCES public.accounts_user(id) DEFERRABLE INITIALLY DEFERRED;


--
-- Name: accounts_user_user_permissions accounts_user_user_p_permission_id_113bb443_fk_auth_perm; Type: FK CONSTRAINT; Schema: public; Owner: postgres
--

ALTER TABLE ONLY public.accounts_user_user_permissions
    ADD CONSTRAINT accounts_user_user_p_permission_id_113bb443_fk_auth_perm FOREIGN KEY (permission_id) REFERENCES public.auth_permission(id) DEFERRABLE INITIALLY DEFERRED;


--
-- Name: accounts_user_user_permissions accounts_user_user_p_user_id_e4f0a161_fk_accounts_; Type: FK CONSTRAINT; Schema: public; Owner: postgres
--

ALTER TABLE ONLY public.accounts_user_user_permissions
    ADD CONSTRAINT accounts_user_user_p_user_id_e4f0a161_fk_accounts_ FOREIGN KEY (user_id) REFERENCES public.accounts_user(id) DEFERRABLE INITIALLY DEFERRED;


--
-- Name: auth_group_permissions auth_group_permissio_permission_id_84c5c92e_fk_auth_perm; Type: FK CONSTRAINT; Schema: public; Owner: postgres
--

ALTER TABLE ONLY public.auth_group_permissions
    ADD CONSTRAINT auth_group_permissio_permission_id_84c5c92e_fk_auth_perm FOREIGN KEY (permission_id) REFERENCES public.auth_permission(id) DEFERRABLE INITIALLY DEFERRED;


--
-- Name: auth_group_permissions auth_group_permissions_group_id_b120cbf9_fk_auth_group_id; Type: FK CONSTRAINT; Schema: public; Owner: postgres
--

ALTER TABLE ONLY public.auth_group_permissions
    ADD CONSTRAINT auth_group_permissions_group_id_b120cbf9_fk_auth_group_id FOREIGN KEY (group_id) REFERENCES public.auth_group(id) DEFERRABLE INITIALLY DEFERRED;


--
-- Name: auth_permission auth_permission_content_type_id_2f476e4b_fk_django_co; Type: FK CONSTRAINT; Schema: public; Owner: postgres
--

ALTER TABLE ONLY public.auth_permission
    ADD CONSTRAINT auth_permission_content_type_id_2f476e4b_fk_django_co FOREIGN KEY (content_type_id) REFERENCES public.django_content_type(id) DEFERRABLE INITIALLY DEFERRED;


--
-- Name: django_admin_log django_admin_log_content_type_id_c4bce8eb_fk_django_co; Type: FK CONSTRAINT; Schema: public; Owner: postgres
--

ALTER TABLE ONLY public.django_admin_log
    ADD CONSTRAINT django_admin_log_content_type_id_c4bce8eb_fk_django_co FOREIGN KEY (content_type_id) REFERENCES public.django_content_type(id) DEFERRABLE INITIALLY DEFERRED;


--
-- Name: django_admin_log django_admin_log_user_id_c564eba6_fk_accounts_user_id; Type: FK CONSTRAINT; Schema: public; Owner: postgres
--

ALTER TABLE ONLY public.django_admin_log
    ADD CONSTRAINT django_admin_log_user_id_c564eba6_fk_accounts_user_id FOREIGN KEY (user_id) REFERENCES public.accounts_user(id) DEFERRABLE INITIALLY DEFERRED;


--
-- PostgreSQL database dump complete
--

\unrestrict XI6qOIMbDJhPOZgYnYAVEaolo9KQ1hX1goqUu6eM9hmG9ql6nPjgwl1XFWs5K2i

